{
    "name": "root",
    "gauges": {
        "aircraft_01_AircraftLearning.Policy.Entropy.mean": {
            "value": 1.1327625513076782,
            "min": 1.1327625513076782,
            "max": 2.090604305267334,
            "count": 105
        },
        "aircraft_01_AircraftLearning.Environment.Lesson.mean": {
            "value": 4.0,
            "min": 0.0,
            "max": 4.0,
            "count": 105
        },
        "aircraft_01_AircraftLearning.Environment.EpisodeLength.mean": {
            "value": 927.1351351351351,
            "min": 49.82034976152623,
            "max": 990.5806451612904,
            "count": 105
        },
        "aircraft_01_AircraftLearning.Policy.ExtrinsicValueEstimate.mean": {
            "value": 2.020925521850586,
            "min": -0.734904944896698,
            "max": 2.1171836853027344,
            "count": 105
        },
        "aircraft_01_AircraftLearning.Environment.CumulativeReward.mean": {
            "value": 19.585818980191206,
            "min": -0.9996120730089763,
            "max": 20.879944835939714,
            "count": 105
        },
        "aircraft_01_AircraftLearning.Policy.ExtrinsicReward.mean": {
            "value": 19.585818980191206,
            "min": -0.9996120730089763,
            "max": 20.879944835939714,
            "count": 105
        },
        "aircraft_01_AircraftLearning.Losses.ValueLoss.mean": {
            "value": 0.01780596375465393,
            "min": 0.01253538392484188,
            "max": 12.131603240966797,
            "count": 105
        },
        "aircraft_01_AircraftLearning.Losses.PolicyLoss.mean": {
            "value": 0.017213698476552963,
            "min": 0.012415168806910515,
            "max": 0.023230958729982376,
            "count": 105
        },
        "aircraft_01_AircraftLearning.Policy.LearningRate.mean": {
            "value": 0.00027991586830466986,
            "min": 0.00027991586830466986,
            "max": 0.0002998768468387425,
            "count": 105
        },
        "aircraft_01_AircraftLearning.IsTraining.mean": {
            "value": 1.0,
            "min": 1.0,
            "max": 1.0,
            "count": 105
        }
    },
    "metadata": {
        "timer_format_version": "0.1.0",
        "start_time_seconds": "1652922450",
        "python_version": "3.7.7 (default, May  6 2020, 11:45:54) [MSC v.1916 64 bit (AMD64)]",
        "command_line_arguments": "C:\\Users\\acer\\anaconda3\\envs\\myproj\\Scripts\\mlagents-learn config/trainer_config.yaml --curriculum config/curricula/AircraftLearning.yaml --run-id=aircraft_01 --force",
        "mlagents_version": "0.16.0",
        "mlagents_envs_version": "0.16.0",
        "communication_protocol_version": "1.0.0",
        "tensorflow_version": "2.9.0",
        "end_time_seconds": "1652927019"
    },
    "total": 4569.3423695,
    "count": 1,
    "self": 3.8758600000001024,
    "children": {
        "run_training.setup": {
            "total": 0.02308969999999988,
            "count": 1,
            "self": 0.02308969999999988
        },
        "TrainerController.start_learning": {
            "total": 4565.4434198,
            "count": 1,
            "self": 238.62340390008558,
            "children": {
                "TrainerController._reset_env": {
                    "total": 19.692272100000135,
                    "count": 5,
                    "self": 19.692272100000135
                },
                "TrainerController.advance": {
                    "total": 4304.9945741999145,
                    "count": 301432,
                    "self": 7.765334699973209,
                    "children": {
                        "env_step": {
                            "total": 4297.229239499941,
                            "count": 301432,
                            "self": 3824.502968199839,
                            "children": {
                                "SubprocessEnvManager._take_step": {
                                    "total": 466.982712700021,
                                    "count": 301432,
                                    "self": 14.629850299970826,
                                    "children": {
                                        "NNPolicy.evaluate": {
                                            "total": 452.3528624000502,
                                            "count": 281780,
                                            "self": 452.3528624000502
                                        }
                                    }
                                },
                                "workers": {
                                    "total": 5.743558600081361,
                                    "count": 301431,
                                    "self": 0.0,
                                    "children": {
                                        "worker_root": {
                                            "total": 4532.914478499928,
                                            "count": 301431,
                                            "is_parallel": true,
                                            "self": 1502.4918541000575,
                                            "children": {
                                                "steps_from_proto": {
                                                    "total": 0.006051000000145024,
                                                    "count": 5,
                                                    "is_parallel": true,
                                                    "self": 0.0018480000021376952,
                                                    "children": {
                                                        "_process_vector_observation": {
                                                            "total": 0.0042029999980073285,
                                                            "count": 40,
                                                            "is_parallel": true,
                                                            "self": 0.0042029999980073285
                                                        }
                                                    }
                                                },
                                                "UnityEnvironment.step": {
                                                    "total": 3030.4165733998702,
                                                    "count": 301431,
                                                    "is_parallel": true,
                                                    "self": 76.51624380009207,
                                                    "children": {
                                                        "UnityEnvironment._generate_step_input": {
                                                            "total": 54.75665139987501,
                                                            "count": 301431,
                                                            "is_parallel": true,
                                                            "self": 54.75665139987501
                                                        },
                                                        "communicator.exchange": {
                                                            "total": 2617.0176201998756,
                                                            "count": 301431,
                                                            "is_parallel": true,
                                                            "self": 2617.0176201998756
                                                        },
                                                        "steps_from_proto": {
                                                            "total": 282.12605800002734,
                                                            "count": 301431,
                                                            "is_parallel": true,