{"cameraMode":{"drawMode":0,"name":"Shaded","section":"Shading Mode"},"sceneLighting":false,"audioPlay":false,"sceneViewState":{"m_AlwaysRefresh":false,"showFog":true,"showSkybox":false,"showFlares":true,"showImageEffects":true,"showParticleSystems":true,"showVisualEffectGraphs":true,"m_FxEnabled":true},"in2DMode":false,"pivot":{"x":-3.6311588287353517,"y":-0.08725309371948242,"z":-0.009999990463256836},"rotation":{"x":0.02751086838543415,"y":-0.9698212742805481,"z":0.13083665072917939,"w":0.2039697766304016},"size":4.0636420249938969,"orthographic":false}