{"cameraMode":{"drawMode":0,"name":"Shaded","section":"Shading Mode"},"sceneLighting":false,"audioPlay":false,"sceneViewState":{"m_AlwaysRefresh":false,"showFog":true,"showSkybox":false,"showFlares":true,"showImageEffects":true,"showParticleSystems":true,"showVisualEffectGraphs":true,"m_FxEnabled":true},"in2DMode":false,"pivot":{"x":-56.739227294921878,"y":187.3592071533203,"z":-96.17413330078125},"rotation":{"x":0.003277732292190194,"y":-0.7656753659248352,"z":0.6432169079780579,"w":0.003903046017512679},"size":287.17120361328127,"orthographic":false}